[
    { "eng": "chicken", "chi": "ji", "pin": "ji&#772;", "yrs": "2017" }, 
    { "eng": "cow", "chi": "niu", "pin": "niu&#769;", "yrs": "2009" },
    { "eng": "dog", "chi": "gou", "pin": "gou&#780;", "yrs": "2018" },
    { "eng": "dragon", "chi": "long", "pin": "lo&#769;ng;", "yrs": "2012" },
    { "eng": "goat", "chi": "yang", "pin": "ya&#769;ng", "yrs": "2015" },
    { "eng": "horse", "chi": "ma", "pin": "ma&#780;", "yrs": "2014" },
    { "eng": "monkey", "chi": "hou", "pin": "ho&#769;uzi", "yrs": "2016" },
    { "eng": "pig", "chi": "zhu", "pin": "zhu&#772;", "yrs": "2019" },
    { "eng": "rabbit", "chi": "tu", "pin": "tu&#768;zi", "yrs": "2011" },
    { "eng": "rat", "chi": "shu", "pin": "la&#780;oshu&#780;", "yrs": "2008" },
    { "eng": "snake", "chi": "she", "pin": "she&#769;", "yrs": "2013" },
    { "eng": "tiger", "chi": "hu", "pin": "la&#780;ohu&#780;", "yrs": "2010" }
]